<?xml version="1.0" encoding="UTF-8"?>
<!DOCTYPE hibernate-configuration PUBLIC
       "-//Hibernate/Hibernate Configuration DTD 3.0//EN"
       "http://www.hibernate.org/dtd/hibernate-configuration-3.0.dtd">
       
<hibernate-configuration>
	<session-factory>
		<!-- Database connection settings -->
		<property name="connection.driver_class">com.mysql.jdbc.Driver</property>
		<property name="connection.url">jdbc:mysql://localhost/javadb</property>
		<property name="connection.username">root</property>
		<property name="connection.password">root</property>
		<!-- SQL dialect -->
		<property name="dialect">org.hibernate.dialect.MySQLDialect</property>
		<!-- //displays the vendor db queries -->
		<!-- second level cache -->
		<!-- <property name="cache.provider_class">org.hibernate.cache.NoCacheProvider</property>
		 -->
		 <property name="show_sql">true</property>
		<property name="hbm2ddl.auto">create</property>

		<mapping class="com.cts.model.UserDetail" />
	</session-factory>
</hibernate-configuration>